title,category,date,content
India Wins Cricket World Cup,Sports,2026-07-01,India defeated Australia in the World Cup final with an outstanding team performance.
New AI Model Released,Technology,2026-07-02,A leading technology company launched a powerful artificial intelligence model for developers.
Stock Market Rises,Business,2026-07-03,The stock market closed higher due to strong investor confidence and positive earnings reports.
Government Announces New Policy,Politics,2026-07-04,The government introduced a new policy to improve education and healthcare services.
Blockbuster Movie Released,Entertainment,2026-07-05,A highly anticipated action movie was released in theatres and received positive reviews.
Scientists Discover New Planet,Science,2026-07-06,Astronomers discovered a new Earth-like planet that may support life.
Medical Researchers Develop Vaccine,Health,2026-07-07,Researchers successfully developed a vaccine to prevent seasonal viral infections.
University Launches New Course,Education,2026-07-08,A university introduced a new artificial intelligence course for engineering students.
Football Championship Begins,Sports,2026-07-09,The national football championship started with exciting opening matches.
Startup Raises Funding,Business,2026-07-10,A technology startup secured significant funding from international investors.
Cybersecurity Threat Detected,Technology,2026-07-11,Experts warned organizations about a newly discovered cybersecurity threat.
Election Campaign Starts,Politics,2026-07-12,Political parties officially started campaigning for the upcoming elections.
Music Festival Attracts Thousands,Entertainment,2026-07-13,Thousands of music lovers attended the annual international music festival.
Space Mission Successful,Science,2026-07-14,The national space agency successfully completed its satellite launch mission.
Hospital Introduces Robotic Surgery,Health,2026-07-15,A hospital introduced robotic surgery technology to improve patient care.
Online Learning Growth,Education,2026-07-16,Online education platforms continue to grow among students and working professionals.
Tennis Player Wins Grand Slam,Sports,2026-07-17,A famous tennis player won another Grand Slam championship after an exciting final.
Bank Introduces Digital Services,Business,2026-07-18,A leading bank launched secure digital banking services for customers.
Electric Cars Gain Popularity,Technology,2026-07-19,Electric vehicles are becoming increasingly popular due to environmental awareness.
Film Wins International Award,Entertainment,2026-07-20,A regional film received an international award for outstanding storytelling.
Health Awareness Campaign,Health,2026-07-21,Doctors organized a health awareness campaign promoting regular medical checkups.
Research on Renewable Energy,Science,2026-07-22,Scientists presented innovative renewable energy solutions at an international conference.
Scholarship Program Expanded,Education,2026-07-23,The government expanded scholarship opportunities for economically disadvantaged students.
Basketball League Finals,Sports,2026-07-24,The basketball league concluded with an exciting championship match.
Economic Growth Forecast,Business,2026-07-25,Economists predicted steady economic growth during the next financial year.